b,policy,accuracy_mean,accuracy_lo,accuracy_hi,cost_mean,deferral_fraction,n_seeds
0.0,oracle,0.8285302593659942,0.8285302593659942,0.8285302593659942,0.0,0.0,5
0.1,oracle,0.8821325648414986,0.877521613832853,0.8962536023054755,0.0994236311239193,0.0994236311239193,5
0.2,oracle,0.8919308357348703,0.8847262247838616,0.9063400576368876,0.17146974063400577,0.17146974063400577,5
0.3,oracle,0.8919308357348703,0.8847262247838616,0.9063400576368876,0.17146974063400577,0.17146974063400577,5
0.4,oracle,0.8919308357348703,0.8847262247838616,0.9063400576368876,0.17146974063400577,0.17146974063400577,5
0.5,oracle,0.8919308357348703,0.8847262247838616,0.9063400576368876,0.17146974063400577,0.17146974063400577,5
0.6,oracle,0.8919308357348703,0.8847262247838616,0.9063400576368876,0.17146974063400577,0.17146974063400577,5
0.7,oracle,0.8919308357348703,0.8847262247838616,0.9063400576368876,0.17146974063400577,0.17146974063400577,5
0.8,oracle,0.8919308357348703,0.8847262247838616,0.9063400576368876,0.17146974063400577,0.17146974063400577,5
